Post ID,Date,Username,Post Content,Hashtags,Likes,Comments,Shares
1,2025-01-06,@CreditGuru,Your credit score isn’t just a number. It’s a reflection of your financial health. Keep track and make timely payments! #CreditScore #FinanceTips,#CreditScore #FinanceTips,125,10,5
2,2025-01-06,@SmartMoneyPro,Paying off your credit card debt can save you money in the long run. Lower your interest rates by reducing the balance! #CreditManagement,#DebtFree #CreditManagement,150,12,7
3,2025-01-05,@FinAdviceToday,"Building credit is a marathon, not a sprint. Start with small, manageable purchases and always pay on time! #CreditBuilding #FinancialFreedom",#CreditBuilding #FinancialFreedom,200,18,12
4,2025-01-04,@WealthMaster,Your credit utilization rate can make or break your credit score. Aim for below 30% for best results! #CreditTips #FinanceGoals,#CreditTips #FinanceGoals,180,20,8
5,2025-01-04,@MoneyMaven,Review your credit report annually to avoid surprises. Errors on your report could hurt your score! #CreditReport #StayInformed,#CreditReport #StayInformed,95,8,4
6,2025-01-03,@FinanceExpert,"If you're planning to make a large purchase, check your credit score first. A better score can mean a lower interest rate. #SmartSpending",#SmartSpending #InterestRates,210,25,15
7,2025-01-02,@MoneyMastery,Don’t let your credit cards control you. Paying them off each month keeps your finances in check. #DebtFreeJourney #CreditControl,#DebtFreeJourney #CreditControl,160,22,10
8,2025-01-01,@CreditSavvy,A secured credit card is a great way to start building or rebuilding your credit score. Keep your balance low and pay in full every month! #CreditRebuild,#CreditRebuild #SecuredCard,135,15,9
9,2025-01-01,@FinanceWhiz,Understanding your credit score is key to financial success. Make sure you know what factors affect it! #CreditEducation #MoneyMatters,#CreditEducation #MoneyMatters,180,17,11
10,2024-12-31,@WealthWisdom,"Credit cards can be useful tools, but avoid racking up debt you can’t pay off. Be responsible with credit to avoid financial pitfalls! #FinanceTips",#FinanceTips #CreditResponsibility,140,14,6
11,2024-12-30,@CreditAdvisor,Did you know? Your payment history makes up 35% of your credit score. Make sure your payments are always on time! #CreditScoreTips #FinancialHealth,#CreditScoreTips #FinancialHealth,220,30,18
12,2024-12-30,@MoneyCoach,Thinking about a home loan? Start improving your credit now to secure a better mortgage rate in the future! #HomeLoan #CreditTips,#HomeLoan #CreditTips,175,14,9
13,2024-12-29,@CreditMaster,Be cautious when applying for credit cards. Too many hard inquiries can negatively affect your score! #CreditInquiries #FinancialWisdom,#CreditInquiries #FinancialWisdom,200,18,10
14,2024-12-28,@FinanceGuru,A low credit score doesn’t mean the end of the world. Take action now to improve it with responsible spending and on-time payments. #CreditRecovery,#CreditRecovery #OnTimePayments,180,16,12
15,2024-12-27,@MoneyMatters,Building a solid credit history is a long-term commitment. Patience and discipline are key. #FinancialFreedom #CreditBuilding,#FinancialFreedom #CreditBuilding,195,22,14
16,2024-12-26,@FinanceSavvy,Check your credit score regularly to ensure there are no errors or fraud. It’s easier to fix mistakes earlier! #CreditProtection #ScoreCheck,#CreditProtection #ScoreCheck,170,13,8
17,2024-12-25,@SmartMoneyMoves,"It’s tempting to get a new credit card for rewards, but make sure you can manage it responsibly! #CreditCards #MoneyManagement",#CreditCards #MoneyManagement,190,15,11
18,2024-12-24,@WealthAdvisor,A strong credit history opens doors to better financial opportunities. Start today with smart financial habits! #WealthBuilding #CreditHistory,#WealthBuilding #CreditHistory,210,25,14
19,2024-12-23,@FinancialPath,Did you know? Reducing your credit card balances can improve your credit score in as little as 30 days! #QuickCreditFix #FinancialSuccess,#QuickCreditFix #FinancialSuccess,155,14,9
20,2024-12-22,@TheCreditFix,"Credit is a tool, not a trap. Use it wisely, pay your bills on time, and keep debt low. #CreditTips #SmartSpending",#CreditTips #SmartSpending,175,19,13
